Customer ID,Visits,Items Bought,Spending
29528,1,19,363.61
2240,1,32,344
22742,2,22,325.62
28144,1,33,281.85
29192,1,11,252.8
29860,1,15,251.73
19904,1,14,242
3778,1,40,238
538,4,29,223.76
11088,1,13,222
25538,1,15,195
27792,1,9,185.54
29750,1,12,181
22966,1,12,180
25940,3,18,166
28124,1,15,153
7896,2,24,138.96
28482,1,10,130
2436,1,8,128.25
950,3,10,127.18
236,2,16,127.12
28052,1,15,127
29648,3,11,124.99
27956,1,17,121.44
23224,2,12,118.5
29776,1,4,116
30530,1,6,116
28434,1,9,110.4
29092,1,2,109.8
25004,1,18,109
30298,2,19,108.7
29600,1,9,107
4876,1,12,105.57
5224,4,11,105.39
3954,1,10,105.08
14296,7,12,103
28936,1,15,102
29356,1,8,101
840,1,4,97.43
29832,1,5,96
25724,1,7,95.82
9616,1,7,95.5
28532,1,8,94
4056,1,3,90
5612,1,8,89.4
25980,1,8,88
29994,1,11,86.7
28996,3,15,86.14
24642,1,10,86
2990,1,3,86
3746,1,4,84.46
13358,1,3,84.29
12958,5,5,83
29380,1,5,82.5
1208,2,6,81.75
184,2,7,81.19
28296,1,7,81
25340,1,6,80.82
28366,1,7,79
29734,1,7,78.5
3198,1,6,76.2
27948,1,4,76
11176,2,10,75
4168,1,4,73.61
12006,2,6,73
5362,1,8,72.7
1848,1,6,72.5
8936,2,6,72
1656,1,7,71
4012,1,6,69
27000,1,7,68.2
3628,1,2,68.11
27416,1,12,67.69
3506,1,10,65.4
29608,1,2,65.1
2934,1,4,64.95
27152,1,7,64.9
3482,1,1,64.9
924,1,10,64.75
28808,1,5,64.31
29676,1,4,64
19126,1,12,63
30576,1,6,63
17860,1,3,62.5
25168,1,4,62
4024,1,4,62
30146,1,6,61.42
28920,1,9,61.2
5162,1,12,61.2
25376,1,9,60.75
29714,1,2,60.62
21150,1,4,60.09
16090,1,3,60
26680,1,2,60
3190,1,10,60
3714,2,6,60
4296,1,3,60
30522,1,3,59.97
11338,1,1,59.95
29564,1,1,59.95
30290,1,4,59.54
2662,2,8,59.06
17762,1,6,59
20720,1,8,59
21472,1,2,59
29516,1,2,59
27900,1,4,58.5
240,2,7,58.49
30406,1,6,57
11004,1,3,56.99
26616,1,3,56.42
21142,1,4,56.23
474,1,5,56.18
12374,1,5,56.13
5646,1,2,56
3606,1,4,55.98
20580,1,7,55.9
3910,1,5,55.65
4040,1,8,55.6
2402,1,7,55.4
13002,1,10,55
13290,1,6,55
13676,1,1,55
25912,1,1,55
27112,1,1,55
29304,1,2,55
30386,1,2,54.98
13350,1,6,54.5
21362,1,5,54
28024,1,3,53.95
3926,1,6,53.89
30724,1,5,53.18
11500,1,4,53.06
20484,2,3,52.97
1230,1,3,52.16
30668,1,7,52
29636,1,8,51.7
22410,1,3,51.53
30648,1,10,51.3
10076,1,12,51
28742,1,7,51
29816,1,3,51
5366,1,3,51
5500,1,10,51
5458,2,4,50.8
21334,1,5,50.35
29946,1,4,50.35
10688,1,4,50
17992,1,5,50
24106,1,4,50
29456,1,5,50
29784,1,4,50
3830,1,10,50
7786,1,6,50
20828,1,3,49.92
7790,1,7,49.9
26780,1,8,49.5
29448,1,5,49.5
30254,1,6,49.5
4064,1,4,49.5
27710,1,2,49.49
29124,1,5,49.29
14474,1,4,49.28
27840,1,9,49.18
27490,1,4,49
29044,1,5,49
30458,1,4,49
9652,1,5,49
24924,1,4,48.8
27204,1,5,48.54
25426,1,9,48.5
25596,1,4,48.5
28844,1,6,48.4
22642,1,4,48
27860,1,2,48
30502,1,6,48
23286,1,5,47.9
23982,1,3,47.45
28292,1,3,47.35
29480,1,10,47.12
3826,1,5,47
30374,1,3,46.95
29412,1,3,46.66
2370,2,4,46.55
22768,1,3,46.5
14940,1,3,46
20772,1,8,46
23776,1,2,46
29742,1,6,46
726,1,3,45.58
734,1,3,45.58
908,1,3,45.58
24510,1,7,45.5
2586,1,7,45.5
27996,1,3,45.5
17884,1,3,45.47
21078,1,2,45.04
13158,1,5,45
22850,1,6,45
2414,1,3,45
25672,2,3,45
28096,1,3,45
29966,1,2,44.99
30676,1,7,44.9
1672,1,4,44.53
25120,1,3,44
8444,1,4,44
790,1,4,43.99
29812,1,3,43.5
30494,1,8,43.18
20588,1,3,43
25920,1,1,43
30478,1,7,43
9692,1,8,42.5
28694,1,4,42.38
9232,2,7,41.5
29836,1,4,41.22
27824,1,1,41.01
26712,1,5,41
27120,1,4,41
30242,1,7,41
3984,1,2,41
28636,1,4,40.61
364,2,2,40.43
29368,1,7,40.36
29160,1,9,40.32
28156,1,2,40
7602,1,3,40
23670,2,6,39
28454,1,3,39
29930,1,3,39
344,1,2,38.92
26112,1,6,38.9
12620,2,7,38.5
29388,1,3,38.5
15446,1,4,38.4
15780,1,9,38.25
13042,1,4,38
1602,1,4,38
29792,1,5,38
30466,1,5,38
1200,1,1,37.98
24114,1,2,37.92
3378,1,3,37.9
1630,1,2,37.88
6186,1,5,37.36
2350,1,3,37.25
5516,1,4,36.9
26660,1,5,36.4
11236,1,4,36.37
22666,1,6,36.25
26068,1,4,36
3706,1,2,36
20514,1,6,35.7
3538,2,4,35.65
30134,1,2,35.4
26036,1,2,35
29500,1,5,35
29804,1,1,35
30430,1,1,35
3996,1,1,35
29726,1,2,34.95
23164,1,5,34.75
1924,2,2,34.71
8420,2,6,34.5
256,1,2,34.19
3246,1,3,34.11
3930,1,2,34.11
3882,1,2,33.15
21410,1,3,33
30050,1,2,33
3024,1,3,33
25458,1,5,32.75
22906,1,4,32.63
28856,1,1,32.56
30142,1,3,32.48
17812,1,1,32.18
22818,1,1,32.04
10604,1,1,32
22914,1,2,32
30282,1,4,32
28402,1,1,31.94
1006,2,4,31.88
29232,1,1,31.79
10472,1,5,31.5
10874,1,9,31.5
12146,1,4,31.5
696,1,4,31.4
28568,1,6,31.26
13532,1,2,31
29914,1,2,30.99
28714,1,6,30.9
2390,1,1,30.5
25664,1,1,30.5
30094,1,3,30.5
19324,1,1,30.17
13126,1,3,30
13448,1,1,30
14144,1,6,30
19888,1,6,30
20358,1,6,30
21000,1,4,30
21674,1,4,30
22550,1,4,30
23700,1,6,30
2598,1,1,30
27436,1,4,30
3292,1,2,30
3782,1,3,30
4826,1,6,30
8322,1,6,30
29616,1,1,29.5
596,1,2,29.23
17774,1,1,29
20816,1,1,29
9252,1,1,29
30074,1,2,28.56
3312,1,2,28.02
20208,1,4,28
6356,1,2,28
6966,1,4,28
19880,1,4,27.8
29958,1,4,27.75
12202,1,1,27.5
29428,1,1,27.5
22878,1,2,27.06
11788,1,4,27
22866,1,2,27
27380,1,2,27
28968,1,3,27
3060,1,2,27
27376,1,3,26.91
23134,1,4,26.9
28628,1,6,26.76
3594,1,2,26.53
14008,1,4,26
21780,1,4,26
25570,1,4,26
4374,1,2,26
2452,1,2,25.98
4052,1,3,25.98
16474,1,2,25.5
2520,2,3,25.5
28786,1,3,25.5
27522,1,6,25.42
62,2,2,25.3
2770,1,2,25
7450,1,2,25
22470,1,4,24.95
29918,1,4,24.5
20204,1,2,24
20458,1,2,24
27754,1,3,24
29768,1,2,24
5568,1,4,24
7256,1,4,24
3850,1,3,23.82
3044,1,4,23.8
5354,1,6,23.7
224,1,2,23.5
16462,1,3,23.31
3690,1,2,23.28
6012,2,8,23.26
26326,1,2,23
30042,1,2,23
12246,1,6,22.8
14750,1,2,22.76
10012,1,3,22.5
27228,1,3,22.5
6770,1,2,22.2
11716,1,3,22
12874,1,4,22
15398,1,4,22
15488,1,1,22
18060,1,4,22
22776,1,2,22
2538,1,2,22
25392,1,4,22
5114,2,2,22
5896,1,4,22
6514,1,2,22
19452,1,1,21.95
23154,1,4,21.9
24278,1,4,21.9
24878,1,2,21.66
26510,1,2,21.66
2002,1,2,21.65
17722,1,4,21.64
27932,1,4,21.64
6666,1,1,21.64
26562,1,2,21.6
6496,1,4,21.56
6750,1,2,21.56
28224,1,3,21.5
6690,1,1,21.45
23342,1,3,21.4
12262,1,3,21.25
6066,1,3,21.12
3574,1,3,21.02
12750,1,3,20.97
11304,1,4,20.9
2918,1,3,20.66
26992,1,1,20.62
28512,1,3,20.61
29856,1,2,20.5
5676,1,3,20.5
1438,1,1,20.38
29220,1,3,20.25
12920,1,2,20.2
25306,1,2,20.04
8530,1,1,20.03
10176,1,2,20
12378,1,2,20
14374,1,2,20
14422,1,4,20
15232,1,4,20
15832,1,4,20
17714,1,2,20
19220,1,4,20
20188,1,4,20
20500,1,2,20
21468,1,2,20
22386,1,2,20
23540,1,2,20
24158,1,4,20
24568,1,4,20
25236,1,4,20
26816,1,1,20
28208,1,4,20
29348,1,2,20
4276,1,4,20
4386,1,4,20
5264,1,4,20
5374,1,2,20
5512,1,4,20
5520,2,4,20
5712,1,2,20
5870,1,4,20
6908,1,4,20
7706,1,2,20
8290,1,2,20
9316,1,2,20
9820,1,2,20
9916,1,2,20
15282,1,1,19.99
18868,1,1,19.99
23066,1,1,19.99
29664,1,1,19.99
28916,1,1,19.95
29910,1,1,19.95
8748,1,1,19.95
5236,1,1,19.75
30486,1,4,19.52
13952,1,10,19.5
3358,1,3,19.5
8864,1,3,19.5
28988,1,4,19.3
10644,1,2,19.2
6380,1,2,19.2
16214,1,2,19
8868,1,1,19
9494,1,2,19
860,2,2,18.99
26596,1,2,18.9
28422,1,5,18.75
19208,1,1,18.4
27392,1,1,18.25
628,1,3,18.12
19678,1,2,18
21342,1,2,18
2378,1,3,17.95
26518,1,2,17.92
19002,1,2,17.9
28678,1,2,17.75
692,1,1,17.73
14446,2,2,17.5
8848,1,2,17.5
1828,1,1,17.32
11232,1,1,17
13788,1,2,17
1700,1,2,17
20020,1,1,17
2228,1,2,17
28702,1,2,17
11748,1,2,16.95
27060,1,2,16.95
20266,2,2,16.72
10596,1,1,16.5
11982,1,2,16.5
19752,1,1,16.5
21768,1,1,16.5
24198,1,1,16.5
25396,1,1,16.5
2726,1,1,16.5
916,1,2,16.45
7092,1,1,16.3
19232,1,2,16.24
24980,1,1,16.24
28794,1,1,16.24
4884,1,1,16.24
4184,1,1,16.14
12592,1,2,16.09
16338,1,1,16.09
11974,1,2,16
16146,1,2,16
17798,1,2,16
21752,1,2,16
2264,1,3,16
23046,1,2,16
3386,1,2,16
9128,1,2,16
24142,1,2,15.9
25836,1,2,15.71
12190,1,1,15.5
24154,1,1,15.5
24214,1,2,15.5
26550,1,1,15.5
14566,1,2,15.45
1908,1,2,15.45
17794,1,2,15.25
10940,1,2,15.16
23736,1,2,15.16
684,1,2,15.16
13298,1,2,15.11
11464,1,2,15.1
23196,1,2,15.1
3214,1,2,15.08
10142,1,2,15
10540,1,2,15
10548,1,1,15
10988,1,2,15
11428,1,1,15
11440,1,1,15
11580,1,1,15
11628,1,2,15
11712,1,2,15
12102,1,2,15
12306,1,1,15
12982,1,1,15
13226,1,2,15
13740,1,1,15
14136,1,2,15
14868,1,1,15
15044,1,1,15
15056,1,2,15
15524,1,2,15
15732,1,1,15
16070,1,2,15
1692,1,2,15
1778,1,2,15
20306,1,1,15
20808,1,2,15
20864,1,2,15
21634,1,2,15
22362,1,1,15
22634,1,1,15
22706,1,1,15
22806,1,1,15
22942,1,1,15
23294,1,1,15
23532,1,1,15
25220,1,2,15
25860,1,1,15
27172,1,2,15
28572,1,1,15
29512,1,2,15
30270,1,1,15
3222,1,2,15
3394,1,1,15
3918,1,1,15
4076,1,1,15
4698,1,2,15
4706,1,1,15
5948,1,1,15
6242,1,1,15
6626,1,2,15
7494,1,1,15
8360,1,2,15
8562,1,1,15
8660,1,2,15
9340,1,2,15
9382,1,2,15
9734,1,1,15
9812,1,1,15
5248,1,2,14.98
20800,1,3,14.63
6718,1,1,14.62
13374,1,1,14.55
23864,1,1,14.55
15600,1,2,14.5
16126,1,2,14.5
19184,1,2,14.5
25632,1,2,14.5
9426,1,2,14.5
12994,1,2,14.45
28774,1,2,14.17
1652,1,2,14.1
10492,1,2,14.02
16310,1,2,14.02
18794,1,2,14.02
5416,1,2,14.01
10120,1,2,14
10830,1,2,14
10898,1,2,14
11508,1,2,14
11704,1,2,14
11942,1,2,14
12048,1,2,14
1318,1,1,14
13700,1,2,14
14304,1,2,14
14322,1,2,14
15016,1,1,14
15196,1,2,14
15294,1,1,14
15584,1,2,14
15632,1,2,14
15864,1,2,14
16202,1,2,14
16218,1,2,14
16246,1,2,14
17726,1,1,14
18012,1,2,14
20394,1,2,14
20480,1,2,14
20608,1,2,14
20700,1,2,14
22830,1,1,14
24146,1,2,14
25144,1,2,14
25510,1,1,14
27892,1,2,14
30262,1,2,14
3370,1,1,14
4584,1,2,14
5806,1,1,14
5862,1,2,14
6368,1,1,14
6962,1,2,14
8488,1,2,14
8570,1,2,14
8940,1,2,14
9144,1,2,14
13688,1,2,13.95
11660,1,2,13.9
19388,1,2,13.9
19736,1,2,13.9
20100,1,2,13.9
25410,1,2,13.9
25956,1,2,13.9
3296,1,2,13.9
5068,1,2,13.9
5314,1,2,13.9
6396,1,2,13.9
7974,1,2,13.9
24222,1,2,13.8
24900,1,2,13.8
25364,1,2,13.8
22330,1,1,13.78
12018,1,1,13.71
3518,1,1,13.57
12682,1,1,13.54
13378,1,2,13.54
28240,1,1,13.54
5008,1,1,13.54
11060,1,1,13.5
14094,1,3,13.5
14202,1,1,13.5
14502,1,2,13.5
14594,1,1,13.5
14642,1,2,13.5
15326,1,1,13.5
15696,1,1,13.5
15800,1,2,13.5
16024,1,2,13.5
16086,1,2,13.5
20446,1,1,13.5
20596,1,1,13.5
21702,1,1,13.5
22418,1,2,13.5
25604,1,2,13.5
25732,1,1,13.5
4702,1,1,13.5
4750,1,2,13.5
5818,1,2,13.5
6686,1,2,13.5
7726,1,1,13.5
7846,1,2,13.5
9920,1,1,13.5
11724,1,1,13.41
14710,1,1,13.2
9530,1,1,13.2
1272,1,1,13.02
2086,1,1,13.02
848,1,1,13.02
96,1,1,13.02
10372,1,2,13
10572,1,2,13
10854,1,2,13
11048,1,2,13
11096,1,2,13
11316,1,2,13
12086,1,2,13
12162,1,2,13
12226,1,2,13
12270,1,2,13
1246,1,2,13
13030,1,2,13
13330,1,1,13
13980,1,2,13
14406,1,2,13
14952,1,2,13
15104,1,2,13
15200,1,2,13
15244,1,1,13
15350,1,2,13
15636,1,2,13
15978,1,2,13
16458,1,2,13
19476,1,1,13
19602,1,1,13
19716,1,2,13
20160,1,2,13
21518,1,2,13
22510,1,1,13
24178,1,2,13
26756,1,2,13
3570,1,2,13
3854,1,2,13
4464,1,2,13
5208,1,2,13
6320,1,2,13
7124,1,2,13
7550,1,2,13
7630,1,2,13
7990,1,2,13
8098,1,2,13
8254,1,2,13
9088,1,1,13
9606,1,2,13
9730,1,2,13
12774,1,1,12.99
13852,1,1,12.99
1744,1,1,12.99
17880,1,1,12.99
20568,1,1,12.99
9594,1,1,12.99
14162,1,2,12.94
20632,1,1,12.93
24344,1,1,12.93
19500,1,2,12.9
24186,1,2,12.9
132,1,1,12.87
3102,1,3,12.83
13520,1,3,12.75
15426,1,3,12.75
24912,1,3,12.75
5474,1,2,12.75
9970,1,2,12.75
27722,1,3,12.71
10004,1,1,12.7
10272,1,1,12.7
10432,1,1,12.7
10804,1,1,12.7
10890,1,1,12.7
11152,1,1,12.7
12234,1,1,12.7
14964,1,1,12.7
15484,1,1,12.7
17996,1,1,12.7
18040,1,1,12.7
19860,1,1,12.7
19924,1,1,12.7
19992,1,1,12.7
20832,1,1,12.7
21014,1,1,12.7
21586,1,1,12.7
21658,1,1,12.7
22442,1,1,12.7
26652,1,1,12.7
30358,1,1,12.7
4856,1,1,12.7
4956,1,1,12.7
6032,1,1,12.7
7406,1,1,12.7
7526,1,1,12.7
8062,1,1,12.7
8150,1,1,12.7
8924,1,1,12.7
9152,1,1,12.7
9272,1,1,12.7
9684,1,1,12.7
19638,1,6,12.61
10452,1,2,12.5
11608,1,1,12.5
14354,1,1,12.5
15592,1,2,12.5
15756,1,2,12.5
15764,1,1,12.5
15812,1,2,12.5
15974,1,1,12.5
15994,1,1,12.5
16114,1,1,12.5
18004,1,1,12.5
19250,1,2,12.5
23074,1,1,12.5
23496,1,1,12.5
25454,1,4,12.5
3718,1,1,12.5
5172,1,2,12.5
5532,1,2,12.5
6194,1,2,12.5
6412,1,2,12.5
7148,1,1,12.5
8186,1,1,12.5
8598,1,1,12.5
8832,1,1,12.5
8884,1,1,12.5
8888,1,1,12.5
4576,1,2,12.46
18052,1,2,12.45
24618,1,2,12.45
7108,1,2,12.45
6436,1,1,12.19
24398,1,1,12.12
10020,1,1,12
10344,1,2,12
10516,1,1,12
10564,1,1,12
10862,1,1,12
10996,1,1,12
11016,1,1,12
11104,1,1,12
11116,1,1,12
11256,1,1,12
11492,1,1,12
11562,1,1,12
11588,1,1,12
11640,1,1,12
11808,1,1,12
11894,1,2,12
12698,1,1,12
13010,1,1,12
13038,1,1,12
13636,1,2,12
13668,1,1,12
13860,1,1,12
14044,1,1,12
14086,1,2,12
14150,1,1,12
14284,1,1,12
14442,1,2,12
14518,1,1,12
14574,1,1,12
14626,1,1,12
14718,1,1,12
14758,1,1,12
14772,1,1,12
15124,1,2,12
15164,1,1,12
15520,1,1,12
15548,1,2,12
15872,1,1,12
16194,1,1,12
16302,1,1,12
16486,1,1,12
17766,1,2,12
17872,1,2,12
18802,1,1,12
18918,1,2,12
19102,1,1,12
19400,1,1,12
19670,1,1,12
19984,1,2,12
20056,1,1,12
20092,1,1,12
20294,1,1,12
20888,1,1,12
20968,1,1,12
20976,1,1,12
21146,1,1,12
21498,1,1,12
21538,1,1,12
22394,1,1,12
22538,1,1,12
23172,1,1,12
23696,1,1,12
24054,1,1,12
24988,1,1,12
25060,1,1,12
25148,1,2,12
28608,1,1,12
4382,1,2,12
4746,1,1,12
4852,1,1,12
5016,1,1,12
5716,1,1,12
6654,1,1,12
6786,1,2,12
7298,1,1,12
7418,1,1,12
7422,1,2,12
7566,1,1,12
7582,1,1,12
7722,1,3,12
7892,1,1,12
7912,1,2,12
8376,1,1,12
8606,1,1,12
8700,1,1,12
8720,1,1,12
9632,1,1,12
13278,1,2,11.95
4976,1,3,11.95
6154,1,2,11.95
6304,1,2,11.95
6630,1,2,11.95
7228,1,2,11.95
21574,1,2,11.92
10812,1,2,11.91
12544,1,1,11.91
16278,1,1,11.91
992,1,1,11.91
10440,1,2,11.9
11412,1,2,11.9
11512,1,2,11.9
13556,1,2,11.9
15844,1,2,11.9
18724,1,2,11.9
23848,1,2,11.9
25964,1,2,11.9
4930,1,2,11.9
5724,1,2,11.9
5908,1,2,11.9
7192,1,2,11.9
7268,1,2,11.9
8656,1,2,11.9
9676,1,2,11.9
10866,1,3,11.9
12440,1,2,11.86
12608,1,1,11.86
19164,1,1,11.86
19312,1,2,11.86
8380,1,2,11.86
12974,1,3,11.85
17790,1,3,11.85
14426,1,3,11.85
11172,1,2,11.8
20932,1,3,11.8
4880,1,4,11.8
12158,1,2,11.75
21460,1,2,11.75
25136,1,2,11.75
10324,1,6,11.7
10612,1,6,11.7
11480,1,6,11.7
19332,1,6,11.7
22570,1,6,11.7
24360,1,1,11.7
4338,1,6,11.7
8908,1,6,11.7
12170,1,2,11.69
4896,1,2,11.69
18782,1,2,11.64
10328,1,2,11.5
12912,1,2,11.5
13354,1,2,11.5
14828,1,2,11.5
20848,1,2,11.5
24466,1,2,11.5
24478,1,1,11.5
4504,1,2,11.5
5188,1,1,11.5
7342,1,2,11.5
25780,1,1,11.48
4458,2,4,11.46
23220,1,2,11.45
23350,1,2,11.45
5036,1,2,11.45
13182,1,3,11.4
18856,1,3,11.4
7430,1,3,11.4
12026,1,3,11.38
8692,1,1,11.38
17916,1,2,11.37
9212,1,2,11.26
5996,1,2,11.25
10116,1,1,11.2
11020,1,1,11.2
12658,1,1,11.2
14186,1,2,11.2
17928,1,2,11.2
19544,1,2,11.2
24430,1,1,11.2
24944,1,1,11.2
7986,1,2,11.2
25442,1,2,11.15
10182,1,1,11
10488,1,2,11
10520,1,2,11
10720,1,1,11
10760,1,1,11
10834,1,1,11
11032,1,1,11
11180,1,2,11
11228,1,1,11
11326,1,1,11
11330,1,1,11
11456,1,1,11
11604,1,1,11
12138,1,1,11
12258,1,1,11
12464,1,2,11
12484,1,1,11
12564,1,1,11
12670,1,1,11
12762,1,1,11
12892,1,2,11
13026,1,2,11
13174,1,1,11
13828,1,1,11
13936,1,2,11
13964,1,1,11
14128,1,1,11
14250,1,1,11
14258,1,1,11
14734,1,1,11
14860,1,1,11
14988,1,1,11
15072,1,2,11
15236,1,1,11
15278,1,1,11
15390,1,1,11
15430,1,1,11
15516,1,2,11
15572,1,2,11
15910,1,2,11
16150,1,1,11
16258,1,1,11
16386,1,2,11
17730,1,1,11
17896,1,1,11
17960,1,1,11
18966,1,1,11
19018,1,2,11
19050,1,1,11
19098,1,1,11
19292,1,2,11
20008,1,2,11
20230,1,1,11
20438,1,2,11
20764,1,1,11
21378,1,2,11
21554,1,1,11
21642,1,3,11
21718,1,1,11
21764,1,2,11
22506,1,2,11
23176,1,2,11
24182,1,2,11
24422,1,2,11
25348,1,1,11
25648,1,2,11
26116,1,2,11
26732,1,2,11
3616,1,1,11
4496,1,1,11
4652,1,1,11
4694,1,2,11
4952,1,1,11
4964,1,2,11
5012,1,2,11
5130,1,1,11
5382,1,1,11
5422,1,1,11
5496,1,2,11
6046,1,1,11
6054,1,2,11
6062,1,1,11
6312,1,1,11
6888,1,1,11
6958,1,2,11
7264,1,2,11
7330,1,2,11
7530,1,2,11
7734,1,1,11
7770,1,1,11
7818,1,2,11
8006,1,1,11
8014,1,1,11
8046,1,2,11
8138,1,1,11
8238,1,1,11
8432,1,2,11
8684,1,2,11
8820,1,1,11
8984,1,1,11
9312,1,2,11
9414,1,1,11
9668,1,1,11
9906,1,2,11
9938,1,1,11
9946,1,2,11
9950,1,1,11
10936,1,2,10.95
25326,1,2,10.95
25384,1,2,10.95
25588,1,3,10.95
4664,1,2,10.95
7646,1,2,10.95
8796,1,2,10.95
11384,1,3,10.9
19560,1,3,10.9
20072,1,3,10.9
26968,1,3,10.9
6594,1,3,10.9
7426,1,3,10.9
7884,1,3,10.9
9008,1,3,10.9
9514,1,3,10.9
6288,1,3,10.9
19528,1,3,10.85
10208,1,1,10.83
10580,1,1,10.83
12444,1,1,10.83
12694,1,2,10.83
13402,1,1,10.83
13418,1,1,10.83
13500,1,1,10.83
19964,1,1,10.83
20032,1,1,10.83
20144,1,1,10.83
20944,1,1,10.83
23188,1,1,10.83
23614,1,2,10.83
23994,1,2,10.83
25796,1,1,10.83
26788,1,2,10.83
4608,1,1,10.83
4656,1,1,10.83
5620,1,2,10.83
5838,1,1,10.83
5858,1,2,10.83
6448,1,2,10.83
6824,1,2,10.83
6926,1,1,10.83
7052,1,2,10.83
7240,1,1,10.83
9522,1,2,10.83
12634,1,2,10.82
13250,1,2,10.82
16434,1,2,10.82
23262,1,2,10.82
25562,1,2,10.82
8404,1,2,10.82
9586,1,2,10.82
9708,1,2,10.82
23728,1,1,10.8
23844,1,1,10.8
24074,1,1,10.8
24274,1,1,10.8
24340,1,1,10.8
24390,1,1,10.8
25262,1,1,10.8
25356,1,1,10.8
25526,1,1,10.8
26096,1,1,10.8
7156,1,5,10.8
19372,1,1,10.79
11906,1,1,10.78
13728,1,2,10.78
14706,1,2,10.78
16166,1,2,10.78
18716,1,1,10.78
19340,1,2,10.78
19440,1,2,10.78
21090,1,1,10.78
23208,1,1,10.78
25092,1,1,10.78
25208,1,1,10.78
4948,1,2,10.78
5020,1,1,10.78
6280,1,1,10.78
7000,1,2,10.78
8042,1,1,10.78
8118,1,2,10.78
8626,1,1,10.78
10640,1,2,10.75
11444,1,2,10.75
18838,1,2,10.75
22402,1,2,10.75
23654,1,2,10.75
25228,1,2,10.75
8740,1,2,10.75
11708,1,1,10.73
11836,1,1,10.73
13896,1,2,10.73
19356,1,1,10.73
20676,1,2,10.73
5220,1,2,10.73
21190,1,2,10.72
23784,1,2,10.7
10732,1,2,10.5
11558,1,3,10.5
11652,1,3,10.5
11740,1,2,10.5
13118,1,3,10.5
13130,1,3,10.5
16418,1,2,10.5
17706,1,1,10.5
18910,1,2,10.5
18994,1,2,10.5
19468,1,3,10.5
20904,1,1,10.5
22430,1,3,10.5
22798,1,1,10.5
23536,1,3,10.5
29208,1,1,10.5
4532,1,2,10.5
4940,1,2,10.5
5240,1,2,10.5
5482,1,2,10.5
6086,1,1,10.5
6746,1,3,10.5
7410,1,2,10.5
9216,1,2,10.5
10532,1,2,10.45
11828,1,2,10.45
12114,1,2,10.45
12432,1,2,10.45
19606,1,2,10.45
19920,1,2,10.45
24230,1,2,10.45
26310,1,2,10.45
5940,1,2,10.45
6730,1,2,10.45
6828,1,2,10.45
8464,1,2,10.45
8780,1,2,10.45
8800,1,2,10.45
9754,1,2,10.45
20468,1,3,10.4
22874,1,2,10.4
24102,1,2,10.4
5024,1,3,10.4
6530,1,3,10.4
9394,1,3,10.4
7378,1,3,10.4
11914,1,2,10.2
15004,1,2,10.2
15314,1,2,10.2
15410,1,2,10.2
15868,1,2,10.2
23114,1,2,10.2
23618,1,2,10.2
5100,1,2,10.2
7826,1,2,10.2
27610,1,2,10.05
10040,1,1,10
10088,1,1,10
10104,1,2,10
10212,1,2,10
10220,1,2,10
10256,1,1,10
10264,1,2,10
10288,1,2,10
10336,1,2,10
10356,1,1,10
10388,1,1,10
10448,1,2,10
10496,1,2,10
10652,1,1,10
10664,1,2,10
10846,1,2,10
10948,1,2,10
11000,1,1,10
11052,1,2,10
11076,1,2,10
11124,1,2,10
11136,1,2,10
11148,1,2,10
11188,1,2,10
11224,1,1,10
11292,1,2,10
11320,1,1,10
11390,1,1,10
11416,1,2,10
11520,1,2,10
11536,1,2,10
11570,1,2,10
11612,1,2,10
11680,1,1,10
11728,1,2,10
11756,1,1,10
11784,1,2,10
11820,1,2,10
11858,1,2,10
12042,1,1,10
12082,1,2,10
12110,1,1,10
12142,1,1,10
12178,1,2,10
12238,1,2,10
12266,1,1,10
12324,1,1,10
12338,1,1,10
12350,1,2,10
12390,1,1,10
12398,1,1,10
12428,1,1,10
12532,1,2,10
12540,1,1,10
12588,1,2,10
12650,1,2,10
12742,1,1,10
12782,1,1,10
12850,1,1,10
13062,1,2,10
13082,1,2,10
13202,1,2,10
13210,1,2,10
13230,1,2,10
13254,1,1,10
13258,1,2,10
13262,1,1,10
13302,1,2,10
13472,1,2,10
13508,1,1,10
13704,1,2,10
13720,1,2,10
13764,1,1,10
13792,1,1,10
13820,1,1,10
13892,1,2,10
13900,1,2,10
13928,1,2,10
13988,1,2,10
14032,1,1,10
14062,1,2,10
14066,1,2,10
14112,1,1,10
14120,1,2,10
14182,1,1,10
14190,1,1,10
14198,1,2,10
14210,1,2,10
14238,1,2,10
14280,1,1,10
14334,1,2,10
14346,1,2,10
14382,1,1,10
14390,1,2,10
14398,1,2,10
14402,1,2,10
14454,1,2,10
14466,1,2,10
14482,1,2,10
14506,1,1,10
14546,1,2,10
14590,1,2,10
14610,1,1,10
14662,1,2,10
14694,1,1,10
14702,1,2,10
14746,1,2,10
14780,1,2,10
14784,1,1,10
14788,1,2,10
14844,1,2,10
14852,1,2,10
14912,1,2,10
14944,1,2,10
14996,1,1,10
15048,1,2,10
15144,1,2,10
15180,1,2,10
15188,1,2,10
15216,1,2,10
15240,1,2,10
15256,1,1,10
15274,1,2,10
15342,1,2,10
15354,1,1,10
15370,1,2,10
15402,1,2,10
15406,1,2,10
15422,1,2,10
15504,1,2,10
15544,1,2,10
15644,1,2,10
15648,1,2,10
15656,1,2,10
15684,1,2,10
15716,1,2,10
15728,1,1,10
15736,1,2,10
15740,1,2,10
15748,1,1,10
15792,1,2,10
15820,1,2,10
15836,1,2,10
15852,1,1,10
15892,1,2,10
15918,1,2,10
16048,1,2,10
16074,1,1,10
16162,1,2,10
16174,1,2,10
16274,1,1,10
16298,1,2,10
16318,1,1,10
16330,1,2,10
16342,1,1,10
16366,1,1,10
16398,1,2,10
16402,1,2,10
17746,1,2,10
17816,1,1,10
17820,1,1,10
17868,1,2,10
17924,1,2,10
17964,1,1,10
18044,1,2,10
18688,1,2,10
18708,1,2,10
18748,1,2,10
18760,1,2,10
18822,1,2,10
18834,1,2,10
18842,1,2,10
18864,1,2,10
18884,1,2,10
18888,1,2,10
18922,1,2,10
18950,1,2,10
18958,1,1,10
18962,1,2,10
18970,1,2,10
19010,1,2,10
19038,1,2,10
19130,1,2,10
19168,1,2,10
19176,1,2,10
19276,1,2,10
19412,1,1,10
19420,1,1,10
19484,1,1,10
19508,1,2,10
19568,1,1,10
19618,1,1,10
19626,1,1,10
19666,1,2,10
19692,1,1,10
19724,1,1,10
19732,1,2,10
19756,1,2,10
19768,1,2,10
19776,1,2,10
19796,1,2,10
19812,1,2,10
19816,1,1,10
19852,1,1,10
19868,1,1,10
19892,1,2,10
19932,1,2,10
19972,1,1,10
20016,1,2,10
20048,1,1,10
20108,1,2,10
20128,1,1,10
20136,1,2,10
20238,1,2,10
20242,1,2,10
20250,1,1,10
20286,1,1,10
20310,1,2,10
20346,1,1,10
20402,1,1,10
20426,1,1,10
20524,1,2,10
20542,1,1,10
20620,1,1,10
20664,1,1,10
20680,1,2,10
20704,1,2,10
20736,1,2,10
20748,1,1,10
20788,1,2,10
20868,1,2,10
20912,1,1,10
20940,1,1,10
20960,1,1,10
20992,1,1,10
21030,1,2,10
21082,1,2,10
21110,1,2,10
21220,1,1,10
21402,1,2,10
21440,1,1,10
21506,1,2,10
21514,1,1,10
21562,1,1,10
21590,1,1,10
21618,1,2,10
21626,1,2,10
21650,1,1,10
21682,1,1,10
22338,1,2,10
22350,1,1,10
22586,1,2,10
22610,1,2,10
22618,1,2,10
22626,1,1,10
22650,1,1,10
22674,1,1,10
22682,1,2,10
22718,1,1,10
22786,1,2,10
22838,1,1,10
2284,1,1,10
22890,1,1,10
22898,1,1,10
23078,1,2,10
23098,1,2,10
23102,1,2,10
23142,1,2,10
23254,1,1,10
23270,1,1,10
23570,1,1,10
23586,1,1,10
23626,1,2,10
23772,1,2,10
23800,1,2,10
23816,1,1,10
23832,1,2,10
23860,1,2,10
23978,1,2,10
24014,1,2,10
24258,1,1,10
24332,1,2,10
24356,1,1,10
24372,1,2,10
24438,1,2,10
24494,1,1,10
24526,1,2,10
24594,1,1,10
24904,1,1,10
24948,1,2,10
25116,1,1,10
25128,1,2,10
25180,1,2,10
25196,1,2,10
25254,1,1,10
25278,1,2,10
25286,1,1,10
25310,1,1,10
25470,1,2,10
25494,1,1,10
25502,1,2,10
25546,1,1,10
25580,1,1,10
25616,1,2,10
25640,1,1,10
25684,1,1,10
25696,1,2,10
25704,1,2,10
25760,1,2,10
25788,1,2,10
25884,1,1,10
25976,1,1,10
26342,1,1,10
26566,1,2,10
26584,1,1,10
26640,1,1,10
26894,1,1,10
27296,1,2,10
28750,1,1,10
29276,1,2,10
3722,1,2,10
3754,1,2,10
4200,1,2,10
4220,1,2,10
4224,1,1,10
4256,1,1,10
4264,1,2,10
4362,1,1,10
4370,1,2,10
4418,1,1,10
4438,1,2,10
4468,1,1,10
4472,1,1,10
4516,1,1,10
4520,1,1,10
4524,1,2,10
4596,1,1,10
4644,1,2,10
4734,1,2,10
4798,1,2,10
4818,1,1,10
4864,1,1,10
4892,1,1,10
4968,1,2,10
4972,1,1,10
4984,1,2,10
5004,1,2,10
5138,1,1,10
5142,1,2,10
5184,1,2,10
5318,1,1,10
5466,1,2,10
5544,1,2,10
5548,1,2,10
5560,1,2,10
5638,1,1,10
5728,1,1,10
5748,1,1,10
5756,1,2,10
5790,1,1,10
5866,1,2,10
5878,1,2,10
5980,1,2,10
6016,1,1,10
6024,1,2,10
6106,1,2,10
6114,1,1,10
6122,1,2,10
6126,1,2,10
6162,1,1,10
6174,1,2,10
6178,1,2,10
6222,1,1,10
6246,1,1,10
6254,1,2,10
6258,1,2,10
6284,1,2,10
6344,1,2,10
6420,1,1,10
6424,1,1,10
6428,1,2,10
6452,1,1,10
6484,1,2,10
6488,1,2,10
6492,1,2,10
6504,1,2,10
6554,1,2,10
6558,1,2,10
6566,1,1,10
6590,1,2,10
6634,1,1,10
6650,1,1,10
6758,1,1,10
6804,1,2,10
6840,1,1,10
6848,1,2,10
6876,1,1,10
6880,1,1,10
6918,1,1,10
6922,1,2,10
6946,1,1,10
6954,1,2,10
6994,1,2,10
7008,1,2,10
7024,1,1,10
7068,1,2,10
7076,1,2,10
7080,1,2,10
7128,1,2,10
7164,1,2,10
7196,1,2,10
7216,1,1,10
7252,1,2,10
7306,1,2,10
7322,1,2,10
7354,1,2,10
7358,1,1,10
7442,1,1,10
7498,1,2,10
7554,1,2,10
7558,1,2,10
7594,1,2,10
7598,1,1,10
7626,1,2,10
7634,1,1,10
7642,1,1,10
7678,1,2,10
7750,1,2,10
7778,1,1,10
7822,1,2,10
7880,1,2,10
7888,1,2,10
7924,1,1,10
7958,1,1,10
7978,1,1,10
8002,1,2,10
8054,1,2,10
8114,1,1,10
8146,1,1,10
8162,1,2,10
8170,1,2,10
8182,1,1,10
8206,1,1,10
8298,1,1,10
8306,1,1,10
8314,1,2,10
8408,1,1,10
8452,1,2,10
8460,1,2,10
8566,1,2,10
8764,1,2,10
8856,1,2,10
8860,1,2,10
8876,1,2,10
8880,1,1,10
8928,1,2,10
8956,1,2,10
8964,1,1,10
9004,1,2,10
9040,1,1,10
9084,1,1,10
9092,1,2,10
9148,1,1,10
9236,1,1,10
9256,1,1,10
9260,1,2,10
9296,1,1,10
9344,1,1,10
9348,1,1,10
9360,1,2,10
9398,1,2,10
9410,1,1,10
9430,1,1,10
9438,1,1,10
9562,1,1,10
9636,1,1,10
9644,1,2,10
9696,1,2,10
9746,1,2,10
9782,1,2,10
9802,1,1,10
9824,1,1,10
9898,1,1,10
9924,1,2,10
9954,1,1,10
9980,1,1,10
19516,1,3,9.85
28596,1,2,9.76
30318,1,2,9.76
30342,1,2,9.76
5146,1,5,9.75
12794,1,1,9.74
29292,1,2,9.67
15318,1,1,9.5
3320,1,1,9.5
6078,1,1,9
15160,1,2,8.95
4334,1,2,8.95
24022,1,1,8.8
25876,1,1,8.8
25900,1,1,8.8
4196,1,2,8.5
24308,1,2,8.45
18684,1,1,8.19
11846,1,1,8
11870,1,1,8
19634,1,1,8
21390,1,1,8
22594,1,1,8
25844,1,1,8
26764,1,1,8
29902,1,1,8
30126,1,2,8
356,1,1,8
10636,1,1,7.5
10956,1,1,7.5
24458,1,1,7.5
24486,1,1,7.5
25996,1,1,7.5
28032,1,2,7.5
30366,1,1,7.5
5044,1,1,7.5
1932,1,1,7.13
168,1,1,7.05
28332,1,1,7.05
19688,1,1,7
27236,1,1,7
27332,1,1,7
29096,1,1,7
19140,1,1,6.95
12508,1,1,6.5
6522,1,1,6.5
7662,1,1,6.5
7682,1,1,6.5
30200,1,1,6.39
22346,1,1,6
5540,1,1,6
11024,1,1,5.95
12818,1,1,5.95
10032,1,3,5.85
27344,1,3,5.85
5944,1,3,5.85
8752,1,3,5.85
14222,1,1,5.5
19556,1,1,5.5
25712,1,1,5.5
9054,1,1,5.5
29140,1,1,5.39
1792,1,1,5.37
2570,1,1,5.31
27638,1,1,5.21
24578,1,1,5.2
13540,1,1,5
18028,1,1,5
19456,1,1,5
21058,1,1,5
24316,1,1,5
4268,1,1,5
4322,1,1,5
5672,1,1,5
8070,1,1,5
30034,1,2,4.95
30230,1,1,4.46
30656,1,2,3.48
30306,1,1,3